timestamp,datetime,best_bid,best_ask,bid_volume,ask_volume
1755819010,2025-08-21 19:30:10,0.2912,0.2913,0.00,0.00
1755819022,2025-08-21 19:30:22,0.2912,0.2913,0.00,0.00
1755819023,2025-08-21 19:30:23,0.2912,0.2913,0.00,0.00
1755819023,2025-08-21 19:30:23,0.2912,0.2913,0.00,0.00
1755819025,2025-08-21 19:30:25,0.2911,0.2912,0.00,0.00
1755819026,2025-08-21 19:30:26,0.2911,0.2912,0.00,0.00
1755819027,2025-08-21 19:30:27,0.2911,0.2912,0.00,0.00
1755819029,2025-08-21 19:30:29,0.2912,0.2913,0.00,0.00
1755819030,2025-08-21 19:30:30,0.2912,0.2913,0.00,0.00
1755819031,2025-08-21 19:30:31,0.2911,0.2912,0.00,0.00
1755819033,2025-08-21 19:30:33,0.2911,0.2912,0.00,0.00
1755819033,2025-08-21 19:30:33,0.2911,0.2912,0.00,0.00
1755819034,2025-08-21 19:30:34,0.2911,0.2912,0.00,0.00
1755819036,2025-08-21 19:30:36,0.2911,0.2912,0.00,0.00
1755819037,2025-08-21 19:30:37,0.2911,0.2912,0.00,0.00
1755819038,2025-08-21 19:30:38,0.2911,0.2912,0.00,0.00
1755819040,2025-08-21 19:30:40,0.2911,0.2912,0.00,0.00
1755819040,2025-08-21 19:30:40,0.2911,0.2912,0.00,0.00
1755819041,2025-08-21 19:30:41,0.2911,0.2912,0.00,0.00
1755819043,2025-08-21 19:30:43,0.2911,0.2912,0.00,0.00
1755819044,2025-08-21 19:30:44,0.2911,0.2912,0.00,0.00
1755819045,2025-08-21 19:30:45,0.2910,0.2911,0.00,0.00
1755819047,2025-08-21 19:30:47,0.2910,0.2911,0.00,0.00
1755819048,2025-08-21 19:30:48,0.2910,0.2911,0.00,0.00
1755819050,2025-08-21 19:30:50,0.2910,0.2911,0.00,0.00
1755819052,2025-08-21 19:30:52,0.2911,0.2912,0.00,0.00
1755819053,2025-08-21 19:30:53,0.2911,0.2912,0.00,0.00
1755819054,2025-08-21 19:30:54,0.2911,0.2912,0.00,0.00
1755819057,2025-08-21 19:30:57,0.2911,0.2912,0.00,0.00
1755819058,2025-08-21 19:30:58,0.2911,0.2912,0.00,0.00
1755819059,2025-08-21 19:30:59,0.2911,0.2912,0.00,0.00
1755819061,2025-08-21 19:31:01,0.2911,0.2913,0.00,0.00
1755819062,2025-08-21 19:31:02,0.2911,0.2913,0.00,0.00
1755819063,2025-08-21 19:31:03,0.2911,0.2912,0.00,0.00
1755819066,2025-08-21 19:31:06,0.2911,0.2912,0.00,0.00
1755819068,2025-08-21 19:31:08,0.2910,0.2911,0.00,0.00
1755819069,2025-08-21 19:31:09,0.2910,0.2911,0.00,0.00
1755819073,2025-08-21 19:31:13,0.2910,0.2911,0.00,0.00
1755819074,2025-08-21 19:31:14,0.2910,0.2911,0.00,0.00
1755819076,2025-08-21 19:31:16,0.2910,0.2911,0.00,0.00
1755819079,2025-08-21 19:31:19,0.2910,0.2911,0.00,0.00
1755819081,2025-08-21 19:31:21,0.2910,0.2911,0.00,0.00
1755819081,2025-08-21 19:31:21,0.2910,0.2911,0.00,0.00
1755819083,2025-08-21 19:31:23,0.2910,0.2911,0.00,0.00
1755819084,2025-08-21 19:31:24,0.2910,0.2911,0.00,0.00
1755819085,2025-08-21 19:31:25,0.2910,0.2911,0.00,0.00
1755819087,2025-08-21 19:31:27,0.2909,0.2910,0.00,0.00
1755819088,2025-08-21 19:31:28,0.2909,0.2910,0.00,0.00
1755819088,2025-08-21 19:31:28,0.2909,0.2910,0.00,0.00
1755819091,2025-08-21 19:31:31,0.2909,0.2910,0.00,0.00
1755819091,2025-08-21 19:31:31,0.2909,0.2910,0.00,0.00
1755819092,2025-08-21 19:31:32,0.2910,0.2911,0.00,0.00
1755819096,2025-08-21 19:31:36,0.2910,0.2911,0.00,0.00
1755819098,2025-08-21 19:31:38,0.2909,0.2910,0.00,0.00
1755819099,2025-08-21 19:31:39,0.2908,0.2910,0.00,0.00
1755819101,2025-08-21 19:31:41,0.2908,0.2910,0.00,0.00
1755819102,2025-08-21 19:31:42,0.2908,0.2910,0.00,0.00
1755819103,2025-08-21 19:31:43,0.2909,0.2910,0.00,0.00
1755819105,2025-08-21 19:31:45,0.2908,0.2909,0.00,0.00
1755819106,2025-08-21 19:31:46,0.2908,0.2909,0.00,0.00
1755819107,2025-08-21 19:31:47,0.2908,0.2909,0.00,0.00
1755819109,2025-08-21 19:31:49,0.2908,0.2909,0.00,0.00
1755819110,2025-08-21 19:31:50,0.2908,0.2909,0.00,0.00
1755819111,2025-08-21 19:31:51,0.2908,0.2909,0.00,0.00
1755819114,2025-08-21 19:31:54,0.2908,0.2909,0.00,0.00
1755819115,2025-08-21 19:31:55,0.2909,0.2910,0.00,0.00
1755819116,2025-08-21 19:31:56,0.2909,0.2910,0.00,0.00
1755819118,2025-08-21 19:31:58,0.2909,0.2910,0.00,0.00
1755819119,2025-08-21 19:31:59,0.2909,0.2910,0.00,0.00
1755819120,2025-08-21 19:32:00,0.2909,0.2910,0.00,0.00
1755819122,2025-08-21 19:32:02,0.2910,0.2911,0.00,0.00
1755819123,2025-08-21 19:32:03,0.2910,0.2911,0.00,0.00
1755819124,2025-08-21 19:32:04,0.2910,0.2911,0.00,0.00
1755819126,2025-08-21 19:32:06,0.2910,0.2911,0.00,0.00
1755819127,2025-08-21 19:32:07,0.2910,0.2911,0.00,0.00
1755819128,2025-08-21 19:32:08,0.2910,0.2911,0.00,0.00
1755819130,2025-08-21 19:32:10,0.2910,0.2911,0.00,0.00
1755819131,2025-08-21 19:32:11,0.2911,0.2912,0.00,0.00
1755819132,2025-08-21 19:32:12,0.2911,0.2912,0.00,0.00
1755819134,2025-08-21 19:32:14,0.2912,0.2913,0.00,0.00
1755819136,2025-08-21 19:32:16,0.2912,0.2913,0.00,0.00
1755819136,2025-08-21 19:32:16,0.2912,0.2913,0.00,0.00
1755819140,2025-08-21 19:32:20,0.2912,0.2913,0.00,0.00
1755819142,2025-08-21 19:32:22,0.2912,0.2913,0.00,0.00
1755819143,2025-08-21 19:32:23,0.2912,0.2913,0.00,0.00
1755819146,2025-08-21 19:32:26,0.2912,0.2913,0.00,0.00
1755819148,2025-08-21 19:32:28,0.2912,0.2913,0.00,0.00
1755819149,2025-08-21 19:32:29,0.2912,0.2913,0.00,0.00
1755819152,2025-08-21 19:32:32,0.2912,0.2913,0.00,0.00
1755819153,2025-08-21 19:32:33,0.2912,0.2913,0.00,0.00
1755819155,2025-08-21 19:32:35,0.2912,0.2913,0.00,0.00
1755819158,2025-08-21 19:32:38,0.2913,0.2914,0.00,0.00
1755819159,2025-08-21 19:32:39,0.2913,0.2914,0.00,0.00
1755819161,2025-08-21 19:32:41,0.2913,0.2914,0.00,0.00
1755819164,2025-08-21 19:32:44,0.2913,0.2914,0.00,0.00
1755819165,2025-08-21 19:32:45,0.2914,0.2915,0.00,0.00
1755819167,2025-08-21 19:32:47,0.2914,0.2915,0.00,0.00
1755819170,2025-08-21 19:32:50,0.2914,0.2915,0.00,0.00
1755819172,2025-08-21 19:32:52,0.2914,0.2915,0.00,0.00
1755819173,2025-08-21 19:32:53,0.2914,0.2915,0.00,0.00
1755819907,2025-08-21 19:45:07,0.2905,0.2906,0.00,0.00
1755819915,2025-08-21 19:45:15,0.2905,0.2906,0.00,0.00
1755819916,2025-08-21 19:45:16,0.2906,0.2907,0.00,0.00
1755819917,2025-08-21 19:45:17,0.2906,0.2907,0.00,0.00
1755819919,2025-08-21 19:45:19,0.2905,0.2906,0.00,0.00
1755819920,2025-08-21 19:45:20,0.2905,0.2906,0.00,0.00
1755819920,2025-08-21 19:45:20,0.2905,0.2906,0.00,0.00
1755819922,2025-08-21 19:45:22,0.2905,0.2906,0.00,0.00
1755819923,2025-08-21 19:45:23,0.2905,0.2906,0.00,0.00
1755819924,2025-08-21 19:45:24,0.2905,0.2906,0.00,0.00
1755819926,2025-08-21 19:45:26,0.2905,0.2906,0.00,0.00
1755819927,2025-08-21 19:45:27,0.2905,0.2906,0.00,0.00
1755819928,2025-08-21 19:45:28,0.2905,0.2906,0.00,0.00
1755819930,2025-08-21 19:45:30,0.2905,0.2906,0.00,0.00
1755819930,2025-08-21 19:45:30,0.2905,0.2906,0.00,0.00
1755819931,2025-08-21 19:45:31,0.2905,0.2906,0.00,0.00
1755819933,2025-08-21 19:45:33,0.2904,0.2905,0.00,0.00
1755819934,2025-08-21 19:45:34,0.2904,0.2905,0.00,0.00
1755819934,2025-08-21 19:45:34,0.2904,0.2905,0.00,0.00
1755819936,2025-08-21 19:45:36,0.2904,0.2905,0.00,0.00
1755819937,2025-08-21 19:45:37,0.2904,0.2905,0.00,0.00
1755819938,2025-08-21 19:45:38,0.2904,0.2905,0.00,0.00
1755819940,2025-08-21 19:45:40,0.2903,0.2904,0.00,0.00
1755819941,2025-08-21 19:45:41,0.2903,0.2904,0.00,0.00
1755819941,2025-08-21 19:45:41,0.2903,0.2904,0.00,0.00
1755819943,2025-08-21 19:45:43,0.2904,0.2905,0.00,0.00
1755819944,2025-08-21 19:45:44,0.2904,0.2905,0.00,0.00
1755819944,2025-08-21 19:45:44,0.2904,0.2905,0.00,0.00
1755819946,2025-08-21 19:45:46,0.2904,0.2905,0.00,0.00
1755819947,2025-08-21 19:45:47,0.2904,0.2905,0.00,0.00
1755819948,2025-08-21 19:45:48,0.2904,0.2905,0.00,0.00
1755819950,2025-08-21 19:45:50,0.2903,0.2904,0.00,0.00
1755819951,2025-08-21 19:45:51,0.2904,0.2905,0.00,0.00
1755819951,2025-08-21 19:45:51,0.2904,0.2905,0.00,0.00
1755819953,2025-08-21 19:45:53,0.2904,0.2905,0.00,0.00
1755819954,2025-08-21 19:45:54,0.2904,0.2905,0.00,0.00
1755819954,2025-08-21 19:45:54,0.2904,0.2905,0.00,0.00
1755819956,2025-08-21 19:45:56,0.2904,0.2905,0.00,0.00
1755819957,2025-08-21 19:45:57,0.2904,0.2905,0.00,0.00
1755819958,2025-08-21 19:45:58,0.2904,0.2905,0.00,0.00
1755819960,2025-08-21 19:46:00,0.2905,0.2906,0.00,0.00
1755819961,2025-08-21 19:46:01,0.2904,0.2905,0.00,0.00
1755819962,2025-08-21 19:46:02,0.2904,0.2905,0.00,0.00
1755819964,2025-08-21 19:46:04,0.2904,0.2905,0.00,0.00
1755819964,2025-08-21 19:46:04,0.2904,0.2905,0.00,0.00
1755819965,2025-08-21 19:46:05,0.2904,0.2905,0.00,0.00
1755819967,2025-08-21 19:46:07,0.2904,0.2905,0.00,0.00
1755819968,2025-08-21 19:46:08,0.2904,0.2905,0.00,0.00
1755819968,2025-08-21 19:46:08,0.2904,0.2905,0.00,0.00
1755819970,2025-08-21 19:46:10,0.2904,0.2905,0.00,0.00
1755819971,2025-08-21 19:46:11,0.2904,0.2905,0.00,0.00
1755819972,2025-08-21 19:46:12,0.2904,0.2905,0.00,0.00
1755819974,2025-08-21 19:46:14,0.2904,0.2905,0.00,0.00
1755819974,2025-08-21 19:46:14,0.2904,0.2905,0.00,0.00
1755819975,2025-08-21 19:46:15,0.2904,0.2905,0.00,0.00
1755819977,2025-08-21 19:46:17,0.2904,0.2905,0.00,0.00
1755819978,2025-08-21 19:46:18,0.2904,0.2905,0.00,0.00
1755819979,2025-08-21 19:46:19,0.2904,0.2905,0.00,0.00
1755819981,2025-08-21 19:46:21,0.2904,0.2905,0.00,0.00
1755819982,2025-08-21 19:46:22,0.2904,0.2905,0.00,0.00
1755819982,2025-08-21 19:46:22,0.2904,0.2905,0.00,0.00
1755819985,2025-08-21 19:46:25,0.2905,0.2906,0.00,0.00
1755819985,2025-08-21 19:46:25,0.2905,0.2906,0.00,0.00
1755819986,2025-08-21 19:46:26,0.2905,0.2906,0.00,0.00
1755819988,2025-08-21 19:46:28,0.2907,0.2908,0.00,0.00
1755819989,2025-08-21 19:46:29,0.2907,0.2908,0.00,0.00
1755819990,2025-08-21 19:46:30,0.2907,0.2908,0.00,0.00
1755819992,2025-08-21 19:46:32,0.2907,0.2908,0.00,0.00
1755819992,2025-08-21 19:46:32,0.2907,0.2908,0.00,0.00
1755819993,2025-08-21 19:46:33,0.2907,0.2908,0.00,0.00
1755819995,2025-08-21 19:46:35,0.2906,0.2907,0.00,0.00
1755819996,2025-08-21 19:46:36,0.2906,0.2907,0.00,0.00
1755819996,2025-08-21 19:46:36,0.2906,0.2907,0.00,0.00
1755819998,2025-08-21 19:46:38,0.2906,0.2907,0.00,0.00
1755819999,2025-08-21 19:46:39,0.2906,0.2907,0.00,0.00
1755820000,2025-08-21 19:46:40,0.2906,0.2907,0.00,0.00
1755820002,2025-08-21 19:46:42,0.2906,0.2907,0.00,0.00
1755820003,2025-08-21 19:46:43,0.2906,0.2907,0.00,0.00
1755820003,2025-08-21 19:46:43,0.2906,0.2907,0.00,0.00
1755820005,2025-08-21 19:46:45,0.2906,0.2907,0.00,0.00
1755820006,2025-08-21 19:46:46,0.2906,0.2907,0.00,0.00
1755820007,2025-08-21 19:46:47,0.2906,0.2907,0.00,0.00
1755820009,2025-08-21 19:46:49,0.2906,0.2907,0.00,0.00
1755820009,2025-08-21 19:46:49,0.2906,0.2907,0.00,0.00
1755820010,2025-08-21 19:46:50,0.2906,0.2907,0.00,0.00
1755820012,2025-08-21 19:46:52,0.2906,0.2907,0.00,0.00
1755820013,2025-08-21 19:46:53,0.2906,0.2907,0.00,0.00
1755820013,2025-08-21 19:46:53,0.2906,0.2907,0.00,0.00
1755820015,2025-08-21 19:46:55,0.2906,0.2907,0.00,0.00
1755820016,2025-08-21 19:46:56,0.2906,0.2907,0.00,0.00
1755820017,2025-08-21 19:46:57,0.2906,0.2907,0.00,0.00
1755820019,2025-08-21 19:46:59,0.2906,0.2907,0.00,0.00
1755820020,2025-08-21 19:47:00,0.2906,0.2907,0.00,0.00
1755820021,2025-08-21 19:47:01,0.2906,0.2907,0.00,0.00
1755820023,2025-08-21 19:47:03,0.2907,0.2908,0.00,0.00
1755820024,2025-08-21 19:47:04,0.2907,0.2908,0.00,0.00
1755820025,2025-08-21 19:47:05,0.2906,0.2907,0.00,0.00
1755820027,2025-08-21 19:47:07,0.2906,0.2907,0.00,0.00
1755820028,2025-08-21 19:47:08,0.2906,0.2907,0.00,0.00
1755820028,2025-08-21 19:47:08,0.2906,0.2907,0.00,0.00
1755820030,2025-08-21 19:47:10,0.2907,0.2908,0.00,0.00
1755820031,2025-08-21 19:47:11,0.2907,0.2908,0.00,0.00
1755820032,2025-08-21 19:47:12,0.2907,0.2908,0.00,0.00
1755820034,2025-08-21 19:47:14,0.2907,0.2908,0.00,0.00
1755820035,2025-08-21 19:47:15,0.2907,0.2908,0.00,0.00
1755820035,2025-08-21 19:47:15,0.2907,0.2908,0.00,0.00
1755820037,2025-08-21 19:47:17,0.2908,0.2909,0.00,0.00
1755820038,2025-08-21 19:47:18,0.2908,0.2909,0.00,0.00
1755820038,2025-08-21 19:47:18,0.2908,0.2909,0.00,0.00
1755820041,2025-08-21 19:47:21,0.2908,0.2909,0.00,0.00
1755820041,2025-08-21 19:47:21,0.2908,0.2909,0.00,0.00
1755820042,2025-08-21 19:47:22,0.2908,0.2909,0.00,0.00
1755820044,2025-08-21 19:47:24,0.2907,0.2908,0.00,0.00
1755820045,2025-08-21 19:47:25,0.2907,0.2908,0.00,0.00
1755820046,2025-08-21 19:47:26,0.2907,0.2908,0.00,0.00
1755820048,2025-08-21 19:47:28,0.2907,0.2908,0.00,0.00
1755820048,2025-08-21 19:47:28,0.2907,0.2908,0.00,0.00
1755820049,2025-08-21 19:47:29,0.2907,0.2908,0.00,0.00
1755820051,2025-08-21 19:47:31,0.2907,0.2908,0.00,0.00
1755820052,2025-08-21 19:47:32,0.2907,0.2908,0.00,0.00
1755820052,2025-08-21 19:47:32,0.2907,0.2908,0.00,0.00
1755820054,2025-08-21 19:47:34,0.2907,0.2908,0.00,0.00
1755820055,2025-08-21 19:47:35,0.2907,0.2908,0.00,0.00
1755820056,2025-08-21 19:47:36,0.2907,0.2908,0.00,0.00
1755820058,2025-08-21 19:47:38,0.2907,0.2908,0.00,0.00
1755820059,2025-08-21 19:47:39,0.2907,0.2908,0.00,0.00
1755820059,2025-08-21 19:47:39,0.2907,0.2908,0.00,0.00
1755820061,2025-08-21 19:47:41,0.2906,0.2907,0.00,0.00
1755820062,2025-08-21 19:47:42,0.2906,0.2907,0.00,0.00
1755820062,2025-08-21 19:47:42,0.2906,0.2907,0.00,0.00
1755820064,2025-08-21 19:47:44,0.2906,0.2907,0.00,0.00
1755820065,2025-08-21 19:47:45,0.2906,0.2907,0.00,0.00
1755820066,2025-08-21 19:47:46,0.2907,0.2908,0.00,0.00
1755820068,2025-08-21 19:47:48,0.2907,0.2908,0.00,0.00
1755820068,2025-08-21 19:47:48,0.2907,0.2908,0.00,0.00
1755820069,2025-08-21 19:47:49,0.2907,0.2908,0.00,0.00
1755820071,2025-08-21 19:47:51,0.2908,0.2909,0.00,0.00
1755820072,2025-08-21 19:47:52,0.2908,0.2909,0.00,0.00
1755820073,2025-08-21 19:47:53,0.2908,0.2909,0.00,0.00
1755820075,2025-08-21 19:47:55,0.2908,0.2909,0.00,0.00
1755820076,2025-08-21 19:47:56,0.2908,0.2909,0.00,0.00
1755820076,2025-08-21 19:47:56,0.2908,0.2909,0.00,0.00
1755820078,2025-08-21 19:47:58,0.2908,0.2909,0.00,0.00
1755820079,2025-08-21 19:47:59,0.2908,0.2909,0.00,0.00
1755820080,2025-08-21 19:48:00,0.2908,0.2909,0.00,0.00
1755820082,2025-08-21 19:48:02,0.2908,0.2909,0.00,0.00
1755820082,2025-08-21 19:48:02,0.2908,0.2909,0.00,0.00
1755820083,2025-08-21 19:48:03,0.2908,0.2909,0.00,0.00
1755820085,2025-08-21 19:48:05,0.2908,0.2909,0.00,0.00
1755820086,2025-08-21 19:48:06,0.2908,0.2909,0.00,0.00
1755820086,2025-08-21 19:48:06,0.2908,0.2909,0.00,0.00
1755820088,2025-08-21 19:48:08,0.2908,0.2909,0.00,0.00
1755820089,2025-08-21 19:48:09,0.2908,0.2909,0.00,0.00
1755820090,2025-08-21 19:48:10,0.2908,0.2909,0.00,0.00
1755820092,2025-08-21 19:48:12,0.2908,0.2909,0.00,0.00
1755820093,2025-08-21 19:48:13,0.2908,0.2909,0.00,0.00
1755820093,2025-08-21 19:48:13,0.2908,0.2909,0.00,0.00
1755820095,2025-08-21 19:48:15,0.2908,0.2909,0.00,0.00
1755820096,2025-08-21 19:48:16,0.2908,0.2909,0.00,0.00
1755820097,2025-08-21 19:48:17,0.2908,0.2909,0.00,0.00
1755820099,2025-08-21 19:48:19,0.2908,0.2909,0.00,0.00
1755820099,2025-08-21 19:48:19,0.2908,0.2909,0.00,0.00
1755820100,2025-08-21 19:48:20,0.2908,0.2909,0.00,0.00
1755820102,2025-08-21 19:48:22,0.2908,0.2909,0.00,0.00
1755820103,2025-08-21 19:48:23,0.2908,0.2909,0.00,0.00
1755820103,2025-08-21 19:48:23,0.2908,0.2909,0.00,0.00
1755820105,2025-08-21 19:48:25,0.2908,0.2909,0.00,0.00
1755820106,2025-08-21 19:48:26,0.2908,0.2909,0.00,0.00
1755820107,2025-08-21 19:48:27,0.2908,0.2909,0.00,0.00
1755820109,2025-08-21 19:48:29,0.2908,0.2909,0.00,0.00
1755820109,2025-08-21 19:48:29,0.2908,0.2909,0.00,0.00
1755820110,2025-08-21 19:48:30,0.2908,0.2909,0.00,0.00
1755820112,2025-08-21 19:48:32,0.2908,0.2909,0.00,0.00
1755820113,2025-08-21 19:48:33,0.2908,0.2909,0.00,0.00
1755820113,2025-08-21 19:48:33,0.2908,0.2909,0.00,0.00
1755820115,2025-08-21 19:48:35,0.2908,0.2909,0.00,0.00
1755820116,2025-08-21 19:48:36,0.2908,0.2909,0.00,0.00
1755820117,2025-08-21 19:48:37,0.2908,0.2909,0.00,0.00
1755820119,2025-08-21 19:48:39,0.2908,0.2909,0.00,0.00
1755820120,2025-08-21 19:48:40,0.2908,0.2909,0.00,0.00
1755820120,2025-08-21 19:48:40,0.2908,0.2909,0.00,0.00
1755820122,2025-08-21 19:48:42,0.2908,0.2909,0.00,0.00
1755820123,2025-08-21 19:48:43,0.2908,0.2909,0.00,0.00
1755820123,2025-08-21 19:48:43,0.2908,0.2909,0.00,0.00
1755820125,2025-08-21 19:48:45,0.2908,0.2909,0.00,0.00
1755820126,2025-08-21 19:48:46,0.2908,0.2909,0.00,0.00
1755820127,2025-08-21 19:48:47,0.2908,0.2909,0.00,0.00
1755820129,2025-08-21 19:48:49,0.2908,0.2909,0.00,0.00
1755820129,2025-08-21 19:48:49,0.2908,0.2909,0.00,0.00
1755820130,2025-08-21 19:48:50,0.2908,0.2909,0.00,0.00
1755820132,2025-08-21 19:48:52,0.2908,0.2909,0.00,0.00
1755820133,2025-08-21 19:48:53,0.2908,0.2909,0.00,0.00
1755820133,2025-08-21 19:48:53,0.2908,0.2909,0.00,0.00
1755820135,2025-08-21 19:48:55,0.2908,0.2909,0.00,0.00
1755820136,2025-08-21 19:48:56,0.2908,0.2909,0.00,0.00
1755820137,2025-08-21 19:48:57,0.2909,0.2910,0.00,0.00
1755820139,2025-08-21 19:48:59,0.2908,0.2909,0.00,0.00
1755820140,2025-08-21 19:49:00,0.2908,0.2909,0.00,0.00
1755820140,2025-08-21 19:49:00,0.2908,0.2909,0.00,0.00
1755820142,2025-08-21 19:49:02,0.2908,0.2909,0.00,0.00
1755820143,2025-08-21 19:49:03,0.2908,0.2909,0.00,0.00
1755820144,2025-08-21 19:49:04,0.2908,0.2909,0.00,0.00
1755820146,2025-08-21 19:49:06,0.2908,0.2909,0.00,0.00
1755820147,2025-08-21 19:49:07,0.2908,0.2909,0.00,0.00
1755820147,2025-08-21 19:49:07,0.2908,0.2909,0.00,0.00
1755820149,2025-08-21 19:49:09,0.2908,0.2909,0.00,0.00
1755820150,2025-08-21 19:49:10,0.2908,0.2909,0.00,0.00
1755820150,2025-08-21 19:49:10,0.2908,0.2909,0.00,0.00
1755820152,2025-08-21 19:49:12,0.2908,0.2909,0.00,0.00
1755820153,2025-08-21 19:49:13,0.2908,0.2909,0.00,0.00
1755820154,2025-08-21 19:49:14,0.2908,0.2909,0.00,0.00
1755820156,2025-08-21 19:49:16,0.2908,0.2909,0.00,0.00
1755820157,2025-08-21 19:49:17,0.2908,0.2909,0.00,0.00
1755820157,2025-08-21 19:49:17,0.2908,0.2909,0.00,0.00
1755820159,2025-08-21 19:49:19,0.2908,0.2909,0.00,0.00
1755820160,2025-08-21 19:49:20,0.2908,0.2909,0.00,0.00
1755820161,2025-08-21 19:49:21,0.2908,0.2909,0.00,0.00
1755820163,2025-08-21 19:49:23,0.2908,0.2909,0.00,0.00
1755820164,2025-08-21 19:49:24,0.2908,0.2909,0.00,0.00
1755820165,2025-08-21 19:49:25,0.2908,0.2909,0.00,0.00
1755820167,2025-08-21 19:49:27,0.2908,0.2909,0.00,0.00
1755820168,2025-08-21 19:49:28,0.2908,0.2909,0.00,0.00
1755820168,2025-08-21 19:49:28,0.2908,0.2909,0.00,0.00
1755820170,2025-08-21 19:49:30,0.2908,0.2909,0.00,0.00
1755820171,2025-08-21 19:49:31,0.2908,0.2909,0.00,0.00
1755820172,2025-08-21 19:49:32,0.2908,0.2909,0.00,0.00
1755820174,2025-08-21 19:49:34,0.2908,0.2909,0.00,0.00
1755820174,2025-08-21 19:49:34,0.2908,0.2909,0.00,0.00
1755820175,2025-08-21 19:49:35,0.2908,0.2909,0.00,0.00
1755820177,2025-08-21 19:49:37,0.2908,0.2909,0.00,0.00
1755820178,2025-08-21 19:49:38,0.2908,0.2909,0.00,0.00
1755820179,2025-08-21 19:49:39,0.2908,0.2909,0.00,0.00
1755820181,2025-08-21 19:49:41,0.2908,0.2909,0.00,0.00
1755820182,2025-08-21 19:49:42,0.2908,0.2909,0.00,0.00
1755820182,2025-08-21 19:49:42,0.2908,0.2909,0.00,0.00
1755820185,2025-08-21 19:49:45,0.2908,0.2909,0.00,0.00
1755820185,2025-08-21 19:49:45,0.2908,0.2909,0.00,0.00
1755820186,2025-08-21 19:49:46,0.2908,0.2909,0.00,0.00
1755820188,2025-08-21 19:49:48,0.2908,0.2909,0.00,0.00
1755820189,2025-08-21 19:49:49,0.2908,0.2909,0.00,0.00
1755820189,2025-08-21 19:49:49,0.2908,0.2909,0.00,0.00
1755820191,2025-08-21 19:49:51,0.2908,0.2909,0.00,0.00
1755820192,2025-08-21 19:49:52,0.2908,0.2909,0.00,0.00
1755820193,2025-08-21 19:49:53,0.2908,0.2909,0.00,0.00
1755820195,2025-08-21 19:49:55,0.2908,0.2909,0.00,0.00
1755820195,2025-08-21 19:49:55,0.2908,0.2909,0.00,0.00
1755820196,2025-08-21 19:49:56,0.2908,0.2909,0.00,0.00
1755820198,2025-08-21 19:49:58,0.2908,0.2909,0.00,0.00
1755820199,2025-08-21 19:49:59,0.2908,0.2909,0.00,0.00
1755820199,2025-08-21 19:49:59,0.2908,0.2909,0.00,0.00
1755820201,2025-08-21 19:50:01,0.2908,0.2909,0.00,0.00
1755820202,2025-08-21 19:50:02,0.2908,0.2909,0.00,0.00
1755820203,2025-08-21 19:50:03,0.2908,0.2909,0.00,0.00
1755820205,2025-08-21 19:50:05,0.2908,0.2909,0.00,0.00
1755820205,2025-08-21 19:50:05,0.2908,0.2909,0.00,0.00
1755820206,2025-08-21 19:50:06,0.2908,0.2909,0.00,0.00
1755820208,2025-08-21 19:50:08,0.2908,0.2909,0.00,0.00
1755820209,2025-08-21 19:50:09,0.2908,0.2909,0.00,0.00
1755820209,2025-08-21 19:50:09,0.2908,0.2909,0.00,0.00
1755820211,2025-08-21 19:50:11,0.2908,0.2909,0.00,0.00
1755820212,2025-08-21 19:50:12,0.2908,0.2909,0.00,0.00
1755820213,2025-08-21 19:50:13,0.2908,0.2909,0.00,0.00
1755820215,2025-08-21 19:50:15,0.2908,0.2909,0.00,0.00
1755820216,2025-08-21 19:50:16,0.2908,0.2909,0.00,0.00
1755820216,2025-08-21 19:50:16,0.2908,0.2909,0.00,0.00
1755820218,2025-08-21 19:50:18,0.2908,0.2909,0.00,0.00
1755820219,2025-08-21 19:50:19,0.2908,0.2909,0.00,0.00
1755820220,2025-08-21 19:50:20,0.2908,0.2909,0.00,0.00
1755820222,2025-08-21 19:50:22,0.2908,0.2909,0.00,0.00
1755820223,2025-08-21 19:50:23,0.2908,0.2909,0.00,0.00
1755820223,2025-08-21 19:50:23,0.2908,0.2909,0.00,0.00
1755820225,2025-08-21 19:50:25,0.2908,0.2909,0.00,0.00
1755820226,2025-08-21 19:50:26,0.2908,0.2909,0.00,0.00
1755820227,2025-08-21 19:50:27,0.2908,0.2909,0.00,0.00
1755820229,2025-08-21 19:50:29,0.2908,0.2909,0.00,0.00
1755820229,2025-08-21 19:50:29,0.2908,0.2909,0.00,0.00
1755820230,2025-08-21 19:50:30,0.2908,0.2909,0.00,0.00
1755820232,2025-08-21 19:50:32,0.2908,0.2909,0.00,0.00
1755820233,2025-08-21 19:50:33,0.2908,0.2909,0.00,0.00
1755820234,2025-08-21 19:50:34,0.2908,0.2909,0.00,0.00
1755820236,2025-08-21 19:50:36,0.2908,0.2909,0.00,0.00
1755820237,2025-08-21 19:50:37,0.2908,0.2909,0.00,0.00
1755820238,2025-08-21 19:50:38,0.2908,0.2909,0.00,0.00
1755820240,2025-08-21 19:50:40,0.2908,0.2909,0.00,0.00
1755820240,2025-08-21 19:50:40,0.2908,0.2909,0.00,0.00
1755820241,2025-08-21 19:50:41,0.2908,0.2909,0.00,0.00
1755820243,2025-08-21 19:50:43,0.2908,0.2909,0.00,0.00
1755820244,2025-08-21 19:50:44,0.2908,0.2909,0.00,0.00
1755820245,2025-08-21 19:50:45,0.2908,0.2909,0.00,0.00
1755820246,2025-08-21 19:50:46,0.2908,0.2909,0.00,0.00
1755820247,2025-08-21 19:50:47,0.2908,0.2909,0.00,0.00
1755820248,2025-08-21 19:50:48,0.2908,0.2909,0.00,0.00
1755820250,2025-08-21 19:50:50,0.2908,0.2909,0.00,0.00
1755820251,2025-08-21 19:50:51,0.2908,0.2909,0.00,0.00
1755820252,2025-08-21 19:50:52,0.2908,0.2909,0.00,0.00
1755820254,2025-08-21 19:50:54,0.2908,0.2909,0.00,0.00
1755820255,2025-08-21 19:50:55,0.2908,0.2909,0.00,0.00
1755820256,2025-08-21 19:50:56,0.2908,0.2909,0.00,0.00
1755820258,2025-08-21 19:50:58,0.2908,0.2909,0.00,0.00
1755820258,2025-08-21 19:50:58,0.2908,0.2909,0.00,0.00
1755822612,2025-08-21 20:30:12,0.2928,0.2929,0.00,0.00
1755822619,2025-08-21 20:30:19,0.2930,0.2931,0.00,0.00
1755822624,2025-08-21 20:30:24,0.2928,0.2930,0.00,0.00
1755822626,2025-08-21 20:30:26,0.2928,0.2930,0.00,0.00
1755822632,2025-08-21 20:30:32,0.2929,0.2930,0.00,0.00
1755822633,2025-08-21 20:30:33,0.2930,0.2931,0.00,0.00
1755822639,2025-08-21 20:30:39,0.2929,0.2930,0.00,0.00
1755822641,2025-08-21 20:30:41,0.2928,0.2929,0.00,0.00
1755822647,2025-08-21 20:30:47,0.2928,0.2929,0.00,0.00
1755822648,2025-08-21 20:30:48,0.2928,0.2929,0.00,0.00
1755822654,2025-08-21 20:30:54,0.2928,0.2929,0.00,0.00
1755822656,2025-08-21 20:30:56,0.2929,0.2930,0.00,0.00
1755822662,2025-08-21 20:31:02,0.2929,0.2930,0.00,0.00
1755822663,2025-08-21 20:31:03,0.2929,0.2930,0.00,0.00
1755822669,2025-08-21 20:31:09,0.2930,0.2931,0.00,0.00
1755822670,2025-08-21 20:31:10,0.2930,0.2931,0.00,0.00
1755822676,2025-08-21 20:31:16,0.2930,0.2931,0.00,0.00
1755822678,2025-08-21 20:31:18,0.2930,0.2931,0.00,0.00
1755822684,2025-08-21 20:31:24,0.2929,0.2930,0.00,0.00
1755822685,2025-08-21 20:31:25,0.2929,0.2930,0.00,0.00
1755822691,2025-08-21 20:31:31,0.2929,0.2930,0.00,0.00
1755822692,2025-08-21 20:31:32,0.2929,0.2930,0.00,0.00
1755822699,2025-08-21 20:31:39,0.2930,0.2931,0.00,0.00
1755822700,2025-08-21 20:31:40,0.2930,0.2931,0.00,0.00
1755822706,2025-08-21 20:31:46,0.2930,0.2931,0.00,0.00
1755822707,2025-08-21 20:31:47,0.2930,0.2931,0.00,0.00
1755822713,2025-08-21 20:31:53,0.2930,0.2931,0.00,0.00
1755822715,2025-08-21 20:31:55,0.2930,0.2931,0.00,0.00
1755822721,2025-08-21 20:32:01,0.2931,0.2932,0.00,0.00
1755822722,2025-08-21 20:32:02,0.2931,0.2932,0.00,0.00
1755822728,2025-08-21 20:32:08,0.2931,0.2932,0.00,0.00
1755822730,2025-08-21 20:32:10,0.2931,0.2932,0.00,0.00
1755822735,2025-08-21 20:32:15,0.2931,0.2932,0.00,0.00
1755822737,2025-08-21 20:32:17,0.2931,0.2932,0.00,0.00
1755822743,2025-08-21 20:32:23,0.2931,0.2932,0.00,0.00
1755822744,2025-08-21 20:32:24,0.2931,0.2932,0.00,0.00
1755822750,2025-08-21 20:32:30,0.2933,0.2934,0.00,0.00
1755822752,2025-08-21 20:32:32,0.2933,0.2934,0.00,0.00
1755822758,2025-08-21 20:32:38,0.2933,0.2934,0.00,0.00
1755822759,2025-08-21 20:32:39,0.2933,0.2934,0.00,0.00
1755822765,2025-08-21 20:32:45,0.2933,0.2934,0.00,0.00
1755822767,2025-08-21 20:32:47,0.2933,0.2934,0.00,0.00
1755822773,2025-08-21 20:32:53,0.2933,0.2934,0.00,0.00
1755822774,2025-08-21 20:32:54,0.2933,0.2934,0.00,0.00
1755822780,2025-08-21 20:33:00,0.2933,0.2934,0.00,0.00
1755822781,2025-08-21 20:33:01,0.2932,0.2933,0.00,0.00
1755822788,2025-08-21 20:33:08,0.2932,0.2933,0.00,0.00
1755822789,2025-08-21 20:33:09,0.2931,0.2932,0.00,0.00
1755822795,2025-08-21 20:33:15,0.2931,0.2932,0.00,0.00
1755822796,2025-08-21 20:33:16,0.2932,0.2933,0.00,0.00
1755822802,2025-08-21 20:33:22,0.2931,0.2932,0.00,0.00
1755822804,2025-08-21 20:33:24,0.2931,0.2932,0.00,0.00
1755822810,2025-08-21 20:33:30,0.2932,0.2933,0.00,0.00
1755822811,2025-08-21 20:33:31,0.2932,0.2933,0.00,0.00
1755822817,2025-08-21 20:33:37,0.2933,0.2934,0.00,0.00
1755822818,2025-08-21 20:33:38,0.2933,0.2934,0.00,0.00
1755822824,2025-08-21 20:33:44,0.2933,0.2934,0.00,0.00
1755822826,2025-08-21 20:33:46,0.2933,0.2934,0.00,0.00
1755822832,2025-08-21 20:33:52,0.2933,0.2934,0.00,0.00
1755822833,2025-08-21 20:33:53,0.2933,0.2934,0.00,0.00
1755822839,2025-08-21 20:33:59,0.2934,0.2935,0.00,0.00
1755822840,2025-08-21 20:34:00,0.2934,0.2935,0.00,0.00
1755826214,2025-08-21 21:30:14,0.2921,0.2922,0.00,0.00
1755826219,2025-08-21 21:30:19,0.2920,0.2922,0.00,0.00
1755826224,2025-08-21 21:30:24,0.2920,0.2921,0.00,0.00
1755826225,2025-08-21 21:30:25,0.2920,0.2921,0.00,0.00
1755826231,2025-08-21 21:30:31,0.2920,0.2921,0.00,0.00
1755826232,2025-08-21 21:30:32,0.2919,0.2920,0.00,0.00
1755826237,2025-08-21 21:30:37,0.2919,0.2920,0.00,0.00
1755826238,2025-08-21 21:30:38,0.2919,0.2920,0.00,0.00
1755826243,2025-08-21 21:30:43,0.2920,0.2921,0.00,0.00
1755826244,2025-08-21 21:30:44,0.2920,0.2921,0.00,0.00
1755826249,2025-08-21 21:30:49,0.2919,0.2920,0.00,0.00
1755826250,2025-08-21 21:30:50,0.2919,0.2920,0.00,0.00
1755826255,2025-08-21 21:30:55,0.2919,0.2920,0.00,0.00
1755826256,2025-08-21 21:30:56,0.2919,0.2920,0.00,0.00
1755826261,2025-08-21 21:31:01,0.2919,0.2920,0.00,0.00
1755826262,2025-08-21 21:31:02,0.2919,0.2920,0.00,0.00
1755826267,2025-08-21 21:31:07,0.2919,0.2920,0.00,0.00
1755826268,2025-08-21 21:31:08,0.2919,0.2920,0.00,0.00
1755826273,2025-08-21 21:31:13,0.2917,0.2918,0.00,0.00
1755826274,2025-08-21 21:31:14,0.2917,0.2919,0.00,0.00
1755826279,2025-08-21 21:31:19,0.2917,0.2920,0.00,0.00
1755826280,2025-08-21 21:31:20,0.2917,0.2918,0.00,0.00
1755826286,2025-08-21 21:31:26,0.2917,0.2918,0.00,0.00
1755826287,2025-08-21 21:31:27,0.2916,0.2918,0.00,0.00
1755826292,2025-08-21 21:31:32,0.2915,0.2916,0.00,0.00
1755826293,2025-08-21 21:31:33,0.2915,0.2916,0.00,0.00
1755826298,2025-08-21 21:31:38,0.2916,0.2917,0.00,0.00
1755826299,2025-08-21 21:31:39,0.2916,0.2917,0.00,0.00
1755826304,2025-08-21 21:31:44,0.2915,0.2916,0.00,0.00
1755826305,2025-08-21 21:31:45,0.2915,0.2916,0.00,0.00
1755826311,2025-08-21 21:31:51,0.2916,0.2917,0.00,0.00
1755826312,2025-08-21 21:31:52,0.2916,0.2917,0.00,0.00
1755826317,2025-08-21 21:31:57,0.2917,0.2918,0.00,0.00
1755826318,2025-08-21 21:31:58,0.2917,0.2918,0.00,0.00
1755826323,2025-08-21 21:32:03,0.2917,0.2918,0.00,0.00
1755826324,2025-08-21 21:32:04,0.2917,0.2918,0.00,0.00
1755826329,2025-08-21 21:32:09,0.2917,0.2918,0.00,0.00
1755826330,2025-08-21 21:32:10,0.2917,0.2918,0.00,0.00
1755826335,2025-08-21 21:32:15,0.2917,0.2918,0.00,0.00
1755826336,2025-08-21 21:32:16,0.2917,0.2918,0.00,0.00
1755826342,2025-08-21 21:32:22,0.2917,0.2918,0.00,0.00
1755826343,2025-08-21 21:32:23,0.2917,0.2918,0.00,0.00
1755826348,2025-08-21 21:32:28,0.2917,0.2918,0.00,0.00
1755826349,2025-08-21 21:32:29,0.2917,0.2918,0.00,0.00
1755826354,2025-08-21 21:32:34,0.2917,0.2918,0.00,0.00
1755826356,2025-08-21 21:32:36,0.2916,0.2917,0.00,0.00
1755826361,2025-08-21 21:32:41,0.2916,0.2917,0.00,0.00
1755826362,2025-08-21 21:32:42,0.2916,0.2917,0.00,0.00
1755826367,2025-08-21 21:32:47,0.2914,0.2915,0.00,0.00
1755826368,2025-08-21 21:32:48,0.2914,0.2915,0.00,0.00
1755826373,2025-08-21 21:32:53,0.2914,0.2915,0.00,0.00
1755826374,2025-08-21 21:32:54,0.2914,0.2915,0.00,0.00
1755826379,2025-08-21 21:32:59,0.2914,0.2915,0.00,0.00
1755826380,2025-08-21 21:33:00,0.2914,0.2915,0.00,0.00
1755826385,2025-08-21 21:33:05,0.2914,0.2915,0.00,0.00
1755826386,2025-08-21 21:33:06,0.2915,0.2916,0.00,0.00
1755826391,2025-08-21 21:33:11,0.2912,0.2913,0.00,0.00
1755826392,2025-08-21 21:33:12,0.2912,0.2913,0.00,0.00
1755826398,2025-08-21 21:33:18,0.2912,0.2913,0.00,0.00
1755826399,2025-08-21 21:33:19,0.2912,0.2913,0.00,0.00
1755826404,2025-08-21 21:33:24,0.2912,0.2913,0.00,0.00
1755826405,2025-08-21 21:33:25,0.2912,0.2913,0.00,0.00
1755826410,2025-08-21 21:33:30,0.2912,0.2913,0.00,0.00
1755826411,2025-08-21 21:33:31,0.2912,0.2913,0.00,0.00
1755826416,2025-08-21 21:33:36,0.2912,0.2913,0.00,0.00
1755826417,2025-08-21 21:33:37,0.2912,0.2913,0.00,0.00
1755826422,2025-08-21 21:33:42,0.2912,0.2913,0.00,0.00
1755826425,2025-08-21 21:33:45,0.2912,0.2913,0.00,0.00
1755827112,2025-08-21 21:45:12,0.2923,0.2924,0.00,0.00
1755827118,2025-08-21 21:45:18,0.2924,0.2925,0.00,0.00
1755827123,2025-08-21 21:45:23,0.2924,0.2925,0.00,0.00
1755827124,2025-08-21 21:45:24,0.2924,0.2925,0.00,0.00
1755827132,2025-08-21 21:45:32,0.2924,0.2925,0.00,0.00
1755827135,2025-08-21 21:45:35,0.2924,0.2925,0.00,0.00
1755827141,2025-08-21 21:45:41,0.2924,0.2925,0.00,0.00
1755827142,2025-08-21 21:45:42,0.2924,0.2925,0.00,0.00
1755827147,2025-08-21 21:45:47,0.2924,0.2925,0.00,0.00
1755827148,2025-08-21 21:45:48,0.2924,0.2925,0.00,0.00
1755827156,2025-08-21 21:45:56,0.2924,0.2925,0.00,0.00
1755827157,2025-08-21 21:45:57,0.2924,0.2925,0.00,0.00
1755827162,2025-08-21 21:46:02,0.2924,0.2925,0.00,0.00
1755827163,2025-08-21 21:46:03,0.2924,0.2925,0.00,0.00
1755827168,2025-08-21 21:46:08,0.2924,0.2925,0.00,0.00
1755827169,2025-08-21 21:46:09,0.2924,0.2925,0.00,0.00
1755827175,2025-08-21 21:46:15,0.2924,0.2925,0.00,0.00
1755827176,2025-08-21 21:46:16,0.2924,0.2925,0.00,0.00
1755827181,2025-08-21 21:46:21,0.2924,0.2925,0.00,0.00
1755827182,2025-08-21 21:46:22,0.2924,0.2925,0.00,0.00
1755827187,2025-08-21 21:46:27,0.2924,0.2925,0.00,0.00
1755827188,2025-08-21 21:46:28,0.2924,0.2925,0.00,0.00
1755827194,2025-08-21 21:46:34,0.2924,0.2925,0.00,0.00
1755827195,2025-08-21 21:46:35,0.2924,0.2925,0.00,0.00
1755827200,2025-08-21 21:46:40,0.2924,0.2925,0.00,0.00
1755827201,2025-08-21 21:46:41,0.2924,0.2925,0.00,0.00
1755827206,2025-08-21 21:46:46,0.2924,0.2925,0.00,0.00
1755827207,2025-08-21 21:46:47,0.2924,0.2925,0.00,0.00
1755827212,2025-08-21 21:46:52,0.2926,0.2927,0.00,0.00
1755827214,2025-08-21 21:46:54,0.2926,0.2927,0.00,0.00
1755827219,2025-08-21 21:46:59,0.2926,0.2927,0.00,0.00
1755827220,2025-08-21 21:47:00,0.2926,0.2927,0.00,0.00
1755827225,2025-08-21 21:47:05,0.2926,0.2927,0.00,0.00
1755827226,2025-08-21 21:47:06,0.2925,0.2926,0.00,0.00
1755827231,2025-08-21 21:47:11,0.2926,0.2927,0.00,0.00
1755827232,2025-08-21 21:47:12,0.2926,0.2927,0.00,0.00
1755827237,2025-08-21 21:47:17,0.2927,0.2928,0.00,0.00
1755827239,2025-08-21 21:47:18,0.2927,0.2928,0.00,0.00
1755827244,2025-08-21 21:47:24,0.2927,0.2928,0.00,0.00
1755827245,2025-08-21 21:47:25,0.2927,0.2928,0.00,0.00
1755827250,2025-08-21 21:47:30,0.2926,0.2927,0.00,0.00
1755827251,2025-08-21 21:47:31,0.2926,0.2927,0.00,0.00
1755827256,2025-08-21 21:47:36,0.2925,0.2926,0.00,0.00
1755827257,2025-08-21 21:47:37,0.2925,0.2926,0.00,0.00
1755827263,2025-08-21 21:47:43,0.2925,0.2926,0.00,0.00
1755827264,2025-08-21 21:47:44,0.2925,0.2926,0.00,0.00
1755827269,2025-08-21 21:47:49,0.2926,0.2927,0.00,0.00
1755827270,2025-08-21 21:47:50,0.2926,0.2927,0.00,0.00
1755827275,2025-08-21 21:47:55,0.2927,0.2928,0.00,0.00
1755827276,2025-08-21 21:47:56,0.2927,0.2928,0.00,0.00
1755827282,2025-08-21 21:48:02,0.2927,0.2928,0.00,0.00
1755827283,2025-08-21 21:48:03,0.2927,0.2928,0.00,0.00
1755827288,2025-08-21 21:48:08,0.2927,0.2928,0.00,0.00
1755827289,2025-08-21 21:48:09,0.2927,0.2928,0.00,0.00
1755827294,2025-08-21 21:48:14,0.2927,0.2928,0.00,0.00
1755827295,2025-08-21 21:48:15,0.2927,0.2928,0.00,0.00
1755827301,2025-08-21 21:48:21,0.2927,0.2928,0.00,0.00
1755827302,2025-08-21 21:48:22,0.2927,0.2928,0.00,0.00
1755827307,2025-08-21 21:48:27,0.2927,0.2928,0.00,0.00
1755827308,2025-08-21 21:48:28,0.2927,0.2928,0.00,0.00
1755827313,2025-08-21 21:48:33,0.2927,0.2928,0.00,0.00
1755827314,2025-08-21 21:48:34,0.2927,0.2928,0.00,0.00
1755827320,2025-08-21 21:48:40,0.2927,0.2928,0.00,0.00
1755827321,2025-08-21 21:48:41,0.2927,0.2928,0.00,0.00
1755827326,2025-08-21 21:48:46,0.2927,0.2928,0.00,0.00
1755827327,2025-08-21 21:48:47,0.2927,0.2928,0.00,0.00
1755827332,2025-08-21 21:48:52,0.2926,0.2927,0.00,0.00
1755827333,2025-08-21 21:48:53,0.2926,0.2927,0.00,0.00
1755827339,2025-08-21 21:48:59,0.2925,0.2926,0.00,0.00
1755827340,2025-08-21 21:49:00,0.2925,0.2926,0.00,0.00
1755827345,2025-08-21 21:49:05,0.2925,0.2926,0.00,0.00
1755827346,2025-08-21 21:49:06,0.2926,0.2927,0.00,0.00
1755827351,2025-08-21 21:49:11,0.2926,0.2927,0.00,0.00
1755827353,2025-08-21 21:49:13,0.2926,0.2927,0.00,0.00
1755827358,2025-08-21 21:49:18,0.2926,0.2927,0.00,0.00
1755827359,2025-08-21 21:49:19,0.2926,0.2927,0.00,0.00
1755827364,2025-08-21 21:49:24,0.2927,0.2928,0.00,0.00
1755827365,2025-08-21 21:49:25,0.2927,0.2928,0.00,0.00
1755827371,2025-08-21 21:49:31,0.2926,0.2927,0.00,0.00
1755827372,2025-08-21 21:49:32,0.2926,0.2927,0.00,0.00
1755827377,2025-08-21 21:49:37,0.2926,0.2927,0.00,0.00
1755827378,2025-08-21 21:49:38,0.2926,0.2927,0.00,0.00
1755827384,2025-08-21 21:49:44,0.2926,0.2927,0.00,0.00
1755827385,2025-08-21 21:49:45,0.2926,0.2927,0.00,0.00
1755827390,2025-08-21 21:49:50,0.2926,0.2927,0.00,0.00
1755827391,2025-08-21 21:49:51,0.2926,0.2927,0.00,0.00
1755827396,2025-08-21 21:49:56,0.2925,0.2926,0.00,0.00
1755827397,2025-08-21 21:49:57,0.2925,0.2926,0.00,0.00
1755827403,2025-08-21 21:50:03,0.2925,0.2926,0.00,0.00
1755827404,2025-08-21 21:50:04,0.2925,0.2926,0.00,0.00
1755827409,2025-08-21 21:50:09,0.2925,0.2926,0.00,0.00
1755827410,2025-08-21 21:50:10,0.2925,0.2926,0.00,0.00
1755827415,2025-08-21 21:50:15,0.2923,0.2924,0.00,0.00
1755827416,2025-08-21 21:50:16,0.2923,0.2924,0.00,0.00
1755827422,2025-08-21 21:50:22,0.2925,0.2926,0.00,0.00
1755827423,2025-08-21 21:50:23,0.2925,0.2926,0.00,0.00
1755827428,2025-08-21 21:50:28,0.2925,0.2926,0.00,0.00
1755827429,2025-08-21 21:50:29,0.2925,0.2926,0.00,0.00
1755827434,2025-08-21 21:50:34,0.2925,0.2926,0.00,0.00
1755827435,2025-08-21 21:50:35,0.2925,0.2926,0.00,0.00
1755827440,2025-08-21 21:50:40,0.2925,0.2926,0.00,0.00
1755827441,2025-08-21 21:50:41,0.2925,0.2926,0.00,0.00
1755827447,2025-08-21 21:50:47,0.2924,0.2925,0.00,0.00
1755827448,2025-08-21 21:50:48,0.2924,0.2925,0.00,0.00
1755827453,2025-08-21 21:50:53,0.2925,0.2926,0.00,0.00
1755827454,2025-08-21 21:50:54,0.2925,0.2926,0.00,0.00
1755827459,2025-08-21 21:50:59,0.2924,0.2925,0.00,0.00
1755827460,2025-08-21 21:51:00,0.2924,0.2925,0.00,0.00
1755827465,2025-08-21 21:51:05,0.2923,0.2924,0.00,0.00
1755827466,2025-08-21 21:51:06,0.2923,0.2924,0.00,0.00
1755827472,2025-08-21 21:51:12,0.2921,0.2922,0.00,0.00
1755827473,2025-08-21 21:51:13,0.2921,0.2922,0.00,0.00
1755827478,2025-08-21 21:51:18,0.2922,0.2923,0.00,0.00
1755827479,2025-08-21 21:51:19,0.2922,0.2923,0.00,0.00
1755827484,2025-08-21 21:51:24,0.2922,0.2923,0.00,0.00
1755827486,2025-08-21 21:51:26,0.2922,0.2923,0.00,0.00
1755827491,2025-08-21 21:51:31,0.2921,0.2922,0.00,0.00
1755827492,2025-08-21 21:51:32,0.2920,0.2921,0.00,0.00
1755827497,2025-08-21 21:51:37,0.2921,0.2922,0.00,0.00
1755827498,2025-08-21 21:51:38,0.2921,0.2922,0.00,0.00
1755827504,2025-08-21 21:51:44,0.2921,0.2922,0.00,0.00
1755827505,2025-08-21 21:51:45,0.2921,0.2922,0.00,0.00
1755827510,2025-08-21 21:51:50,0.2922,0.2923,0.00,0.00
1755827511,2025-08-21 21:51:51,0.2922,0.2923,0.00,0.00
1755827516,2025-08-21 21:51:56,0.2921,0.2922,0.00,0.00
1755827517,2025-08-21 21:51:57,0.2921,0.2922,0.00,0.00
1755827522,2025-08-21 21:52:02,0.2920,0.2921,0.00,0.00
1755827523,2025-08-21 21:52:03,0.2920,0.2921,0.00,0.00
1755827528,2025-08-21 21:52:08,0.2919,0.2920,0.00,0.00
1755827529,2025-08-21 21:52:09,0.2919,0.2920,0.00,0.00
1755827535,2025-08-21 21:52:15,0.2919,0.2920,0.00,0.00
1755827536,2025-08-21 21:52:16,0.2918,0.2919,0.00,0.00
1755827541,2025-08-21 21:52:21,0.2919,0.2920,0.00,0.00
1755827542,2025-08-21 21:52:22,0.2919,0.2920,0.00,0.00
1755827547,2025-08-21 21:52:27,0.2918,0.2919,0.00,0.00
1755827548,2025-08-21 21:52:28,0.2919,0.2920,0.00,0.00
1755827554,2025-08-21 21:52:34,0.2920,0.2921,0.00,0.00
1755827555,2025-08-21 21:52:35,0.2920,0.2921,0.00,0.00
1755827560,2025-08-21 21:52:40,0.2920,0.2921,0.00,0.00
1755827561,2025-08-21 21:52:41,0.2920,0.2921,0.00,0.00
1755827566,2025-08-21 21:52:46,0.2920,0.2921,0.00,0.00
1755827567,2025-08-21 21:52:47,0.2920,0.2921,0.00,0.00
1755827573,2025-08-21 21:52:53,0.2922,0.2923,0.00,0.00
1755827574,2025-08-21 21:52:54,0.2922,0.2923,0.00,0.00
1755827579,2025-08-21 21:52:59,0.2923,0.2924,0.00,0.00
1755827580,2025-08-21 21:53:00,0.2923,0.2924,0.00,0.00
1755827585,2025-08-21 21:53:05,0.2923,0.2924,0.00,0.00
1755827586,2025-08-21 21:53:06,0.2923,0.2924,0.00,0.00
1755827591,2025-08-21 21:53:11,0.2923,0.2924,0.00,0.00
1755827592,2025-08-21 21:53:12,0.2923,0.2924,0.00,0.00
1755827598,2025-08-21 21:53:18,0.2923,0.2924,0.00,0.00
1755827599,2025-08-21 21:53:19,0.2923,0.2924,0.00,0.00
1755827604,2025-08-21 21:53:24,0.2923,0.2924,0.00,0.00
1755827605,2025-08-21 21:53:25,0.2923,0.2924,0.00,0.00
1755827611,2025-08-21 21:53:31,0.2923,0.2924,0.00,0.00
1755827612,2025-08-21 21:53:32,0.2923,0.2924,0.00,0.00
1755827617,2025-08-21 21:53:37,0.2924,0.2925,0.00,0.00
1755827618,2025-08-21 21:53:38,0.2924,0.2925,0.00,0.00
1755827623,2025-08-21 21:53:43,0.2924,0.2925,0.00,0.00
1755827624,2025-08-21 21:53:44,0.2924,0.2925,0.00,0.00
1755827629,2025-08-21 21:53:49,0.2925,0.2926,0.00,0.00
1755827631,2025-08-21 21:53:51,0.2925,0.2926,0.00,0.00
1755827636,2025-08-21 21:53:56,0.2925,0.2926,0.00,0.00
1755827637,2025-08-21 21:53:57,0.2925,0.2926,0.00,0.00
1755827643,2025-08-21 21:54:03,0.2925,0.2926,0.00,0.00
1755827644,2025-08-21 21:54:04,0.2924,0.2925,0.00,0.00
1755827649,2025-08-21 21:54:09,0.2923,0.2924,0.00,0.00
1755827650,2025-08-21 21:54:10,0.2923,0.2924,0.00,0.00
1755827655,2025-08-21 21:54:15,0.2923,0.2924,0.00,0.00
1755827656,2025-08-21 21:54:16,0.2923,0.2924,0.00,0.00
1755827662,2025-08-21 21:54:22,0.2923,0.2924,0.00,0.00
1755827663,2025-08-21 21:54:23,0.2923,0.2924,0.00,0.00
1755827668,2025-08-21 21:54:28,0.2923,0.2924,0.00,0.00
1755827669,2025-08-21 21:54:29,0.2923,0.2924,0.00,0.00
1755827674,2025-08-21 21:54:34,0.2923,0.2924,0.00,0.00
1755827675,2025-08-21 21:54:35,0.2924,0.2925,0.00,0.00
1755827680,2025-08-21 21:54:40,0.2924,0.2925,0.00,0.00
1755827681,2025-08-21 21:54:41,0.2924,0.2925,0.00,0.00
1755827687,2025-08-21 21:54:47,0.2924,0.2925,0.00,0.00
1755827688,2025-08-21 21:54:48,0.2924,0.2925,0.00,0.00
1755827693,2025-08-21 21:54:53,0.2923,0.2924,0.00,0.00
1755827694,2025-08-21 21:54:54,0.2923,0.2924,0.00,0.00
1755827699,2025-08-21 21:54:59,0.2923,0.2924,0.00,0.00
1755827700,2025-08-21 21:55:00,0.2923,0.2924,0.00,0.00
1755827705,2025-08-21 21:55:05,0.2924,0.2925,0.00,0.00
1755827707,2025-08-21 21:55:07,0.2924,0.2925,0.00,0.00
1755827712,2025-08-21 21:55:12,0.2925,0.2926,0.00,0.00
1755827713,2025-08-21 21:55:13,0.2925,0.2926,0.00,0.00
1755827719,2025-08-21 21:55:19,0.2926,0.2927,0.00,0.00
1755827720,2025-08-21 21:55:20,0.2927,0.2928,0.00,0.00
1755827725,2025-08-21 21:55:25,0.2926,0.2927,0.00,0.00
1755827726,2025-08-21 21:55:26,0.2926,0.2927,0.00,0.00
1755827731,2025-08-21 21:55:31,0.2927,0.2928,0.00,0.00
1755827732,2025-08-21 21:55:32,0.2927,0.2928,0.00,0.00
1755827737,2025-08-21 21:55:37,0.2927,0.2928,0.00,0.00
1755827738,2025-08-21 21:55:38,0.2927,0.2928,0.00,0.00
1755827744,2025-08-21 21:55:44,0.2926,0.2927,0.00,0.00
1755827745,2025-08-21 21:55:45,0.2926,0.2927,0.00,0.00
1755827750,2025-08-21 21:55:50,0.2927,0.2928,0.00,0.00
1755827751,2025-08-21 21:55:51,0.2927,0.2928,0.00,0.00
1755827756,2025-08-21 21:55:56,0.2927,0.2928,0.00,0.00
1755827757,2025-08-21 21:55:57,0.2927,0.2928,0.00,0.00
1755827762,2025-08-21 21:56:02,0.2926,0.2928,0.00,0.00
1755827763,2025-08-21 21:56:03,0.2926,0.2928,0.00,0.00
1755827769,2025-08-21 21:56:09,0.2924,0.2925,0.00,0.00
1755827770,2025-08-21 21:56:10,0.2924,0.2925,0.00,0.00
1755827775,2025-08-21 21:56:15,0.2923,0.2924,0.00,0.00
1755827776,2025-08-21 21:56:16,0.2923,0.2924,0.00,0.00
1755827781,2025-08-21 21:56:21,0.2923,0.2924,0.00,0.00
1755827782,2025-08-21 21:56:22,0.2923,0.2924,0.00,0.00
1755827787,2025-08-21 21:56:27,0.2925,0.2926,0.00,0.00
1755827788,2025-08-21 21:56:28,0.2925,0.2926,0.00,0.00
1755827794,2025-08-21 21:56:34,0.2925,0.2926,0.00,0.00
1755827795,2025-08-21 21:56:35,0.2925,0.2926,0.00,0.00
1755827800,2025-08-21 21:56:40,0.2924,0.2925,0.00,0.00
1755827802,2025-08-21 21:56:42,0.2924,0.2925,0.00,0.00
1755827807,2025-08-21 21:56:47,0.2926,0.2927,0.00,0.00
1755827808,2025-08-21 21:56:48,0.2926,0.2927,0.00,0.00
1755827813,2025-08-21 21:56:53,0.2926,0.2927,0.00,0.00
1755827814,2025-08-21 21:56:54,0.2925,0.2926,0.00,0.00
1755827820,2025-08-21 21:57:00,0.2925,0.2926,0.00,0.00
1755827821,2025-08-21 21:57:01,0.2925,0.2926,0.00,0.00
1755827826,2025-08-21 21:57:06,0.2926,0.2927,0.00,0.00
1755827827,2025-08-21 21:57:07,0.2926,0.2927,0.00,0.00
1755827833,2025-08-21 21:57:13,0.2925,0.2926,0.00,0.00
1755834304,2025-08-21 23:45:04,0.2903,0.2904,0.00,0.00
1755834310,2025-08-21 23:45:10,0.2901,0.2902,0.00,0.00
1755834314,2025-08-21 23:45:14,0.2901,0.2902,0.00,0.00
1755834315,2025-08-21 23:45:15,0.2901,0.2902,0.00,0.00
1755834320,2025-08-21 23:45:20,0.2902,0.2903,0.00,0.00
1755834320,2025-08-21 23:45:20,0.2902,0.2903,0.00,0.00
1755834325,2025-08-21 23:45:25,0.2902,0.2903,0.00,0.00
1755834326,2025-08-21 23:45:26,0.2903,0.2904,0.00,0.00
1755834330,2025-08-21 23:45:30,0.2903,0.2904,0.00,0.00
1755834331,2025-08-21 23:45:31,0.2903,0.2904,0.00,0.00
1755834335,2025-08-21 23:45:35,0.2903,0.2904,0.00,0.00
1755834336,2025-08-21 23:45:36,0.2903,0.2904,0.00,0.00
1755834341,2025-08-21 23:45:41,0.2903,0.2904,0.00,0.00
1755834342,2025-08-21 23:45:42,0.2903,0.2904,0.00,0.00
1755834346,2025-08-21 23:45:46,0.2902,0.2903,0.00,0.00
1755834347,2025-08-21 23:45:47,0.2902,0.2903,0.00,0.00
1755834352,2025-08-21 23:45:52,0.2902,0.2903,0.00,0.00
1755834352,2025-08-21 23:45:52,0.2902,0.2903,0.00,0.00
1755834357,2025-08-21 23:45:57,0.2902,0.2903,0.00,0.00
1755834358,2025-08-21 23:45:58,0.2901,0.2902,0.00,0.00
1755834362,2025-08-21 23:46:02,0.2902,0.2903,0.00,0.00
1755834363,2025-08-21 23:46:03,0.2902,0.2903,0.00,0.00
1755834367,2025-08-21 23:46:07,0.2901,0.2902,0.00,0.00
1755834368,2025-08-21 23:46:08,0.2901,0.2902,0.00,0.00
1755834372,2025-08-21 23:46:12,0.2901,0.2902,0.00,0.00
1755834373,2025-08-21 23:46:13,0.2901,0.2902,0.00,0.00
1755834378,2025-08-21 23:46:18,0.2900,0.2901,0.00,0.00
1755834378,2025-08-21 23:46:18,0.2900,0.2901,0.00,0.00
1755834383,2025-08-21 23:46:23,0.2900,0.2901,0.00,0.00
1755834384,2025-08-21 23:46:24,0.2900,0.2901,0.00,0.00
1755834388,2025-08-21 23:46:28,0.2900,0.2901,0.00,0.00
1755834389,2025-08-21 23:46:29,0.2900,0.2901,0.00,0.00
1755834394,2025-08-21 23:46:34,0.2899,0.2900,0.00,0.00
1755834394,2025-08-21 23:46:34,0.2899,0.2900,0.00,0.00
1755834399,2025-08-21 23:46:39,0.2898,0.2900,0.00,0.00
1755834400,2025-08-21 23:46:40,0.2898,0.2900,0.00,0.00
1755834404,2025-08-21 23:46:44,0.2899,0.2900,0.00,0.00
1755834405,2025-08-21 23:46:45,0.2899,0.2900,0.00,0.00
1755834409,2025-08-21 23:46:49,0.2899,0.2900,0.00,0.00
1755834410,2025-08-21 23:46:50,0.2900,0.2901,0.00,0.00
1755834414,2025-08-21 23:46:54,0.2899,0.2900,0.00,0.00
1755834415,2025-08-21 23:46:55,0.2899,0.2900,0.00,0.00
1755834419,2025-08-21 23:46:59,0.2899,0.2900,0.00,0.00
1755834420,2025-08-21 23:47:00,0.2899,0.2900,0.00,0.00
1755834425,2025-08-21 23:47:05,0.2899,0.2900,0.00,0.00
1755834425,2025-08-21 23:47:05,0.2899,0.2900,0.00,0.00
1755834430,2025-08-21 23:47:10,0.2898,0.2899,0.00,0.00
1755834430,2025-08-21 23:47:10,0.2898,0.2899,0.00,0.00
1755834435,2025-08-21 23:47:15,0.2900,0.2901,0.00,0.00
1755834436,2025-08-21 23:47:16,0.2901,0.2902,0.00,0.00
1755834440,2025-08-21 23:47:20,0.2900,0.2901,0.00,0.00
1755834441,2025-08-21 23:47:21,0.2900,0.2901,0.00,0.00
1755834445,2025-08-21 23:47:25,0.2900,0.2901,0.00,0.00
1755834446,2025-08-21 23:47:26,0.2901,0.2902,0.00,0.00
1755834450,2025-08-21 23:47:30,0.2901,0.2902,0.00,0.00
1755834451,2025-08-21 23:47:31,0.2901,0.2902,0.00,0.00
1755834456,2025-08-21 23:47:36,0.2901,0.2902,0.00,0.00
1755834456,2025-08-21 23:47:36,0.2901,0.2902,0.00,0.00
1755834461,2025-08-21 23:47:41,0.2900,0.2901,0.00,0.00
1755834462,2025-08-21 23:47:42,0.2900,0.2901,0.00,0.00
1755834466,2025-08-21 23:47:46,0.2901,0.2902,0.00,0.00
1755834467,2025-08-21 23:47:47,0.2901,0.2902,0.00,0.00
1755834471,2025-08-21 23:47:51,0.2901,0.2902,0.00,0.00
1755834472,2025-08-21 23:47:52,0.2901,0.2902,0.00,0.00
1755834476,2025-08-21 23:47:56,0.2901,0.2902,0.00,0.00
1755834477,2025-08-21 23:47:57,0.2901,0.2902,0.00,0.00
1755834481,2025-08-21 23:48:01,0.2901,0.2902,0.00,0.00
1755834482,2025-08-21 23:48:02,0.2901,0.2902,0.00,0.00
1755834486,2025-08-21 23:48:06,0.2901,0.2902,0.00,0.00
1755834487,2025-08-21 23:48:07,0.2901,0.2902,0.00,0.00
1755834491,2025-08-21 23:48:11,0.2901,0.2902,0.00,0.00
1755834492,2025-08-21 23:48:12,0.2901,0.2902,0.00,0.00
1755834497,2025-08-21 23:48:17,0.2901,0.2902,0.00,0.00
1755834497,2025-08-21 23:48:17,0.2901,0.2902,0.00,0.00
1755834502,2025-08-21 23:48:22,0.2901,0.2902,0.00,0.00
1755834502,2025-08-21 23:48:22,0.2901,0.2902,0.00,0.00
1755834507,2025-08-21 23:48:27,0.2901,0.2902,0.00,0.00
1755834508,2025-08-21 23:48:28,0.2901,0.2902,0.00,0.00
1755834512,2025-08-21 23:48:32,0.2902,0.2903,0.00,0.00
1755834513,2025-08-21 23:48:33,0.2902,0.2903,0.00,0.00
1755834517,2025-08-21 23:48:37,0.2901,0.2902,0.00,0.00
1755834518,2025-08-21 23:48:38,0.2901,0.2902,0.00,0.00
1755834522,2025-08-21 23:48:42,0.2901,0.2902,0.00,0.00
1755834523,2025-08-21 23:48:43,0.2901,0.2902,0.00,0.00
1755834527,2025-08-21 23:48:47,0.2901,0.2902,0.00,0.00
1755834528,2025-08-21 23:48:48,0.2901,0.2902,0.00,0.00
1755834533,2025-08-21 23:48:53,0.2901,0.2902,0.00,0.00
1755834534,2025-08-21 23:48:54,0.2901,0.2902,0.00,0.00
1755834538,2025-08-21 23:48:58,0.2901,0.2902,0.00,0.00
1755834539,2025-08-21 23:48:59,0.2901,0.2902,0.00,0.00
1755834543,2025-08-21 23:49:03,0.2902,0.2903,0.00,0.00
1755834544,2025-08-21 23:49:04,0.2902,0.2903,0.00,0.00
1755834548,2025-08-21 23:49:08,0.2903,0.2904,0.00,0.00
1755834549,2025-08-21 23:49:09,0.2903,0.2904,0.00,0.00
1755834553,2025-08-21 23:49:13,0.2904,0.2905,0.00,0.00
1755834554,2025-08-21 23:49:14,0.2905,0.2906,0.00,0.00
1755834558,2025-08-21 23:49:18,0.2905,0.2906,0.00,0.00
1755834559,2025-08-21 23:49:19,0.2905,0.2906,0.00,0.00
1755834563,2025-08-21 23:49:23,0.2905,0.2906,0.00,0.00
1755834564,2025-08-21 23:49:24,0.2905,0.2906,0.00,0.00
1755834568,2025-08-21 23:49:28,0.2905,0.2906,0.00,0.00
1755834569,2025-08-21 23:49:29,0.2905,0.2906,0.00,0.00
1755834573,2025-08-21 23:49:33,0.2905,0.2906,0.00,0.00
1755834574,2025-08-21 23:49:34,0.2905,0.2906,0.00,0.00
1755834579,2025-08-21 23:49:39,0.2904,0.2905,0.00,0.00
1755834580,2025-08-21 23:49:40,0.2904,0.2905,0.00,0.00
1755834584,2025-08-21 23:49:44,0.2903,0.2904,0.00,0.00
1755834585,2025-08-21 23:49:45,0.2903,0.2904,0.00,0.00
1755834589,2025-08-21 23:49:49,0.2903,0.2904,0.00,0.00
1755834590,2025-08-21 23:49:50,0.2903,0.2904,0.00,0.00
1755834594,2025-08-21 23:49:54,0.2903,0.2904,0.00,0.00
1755834595,2025-08-21 23:49:55,0.2903,0.2904,0.00,0.00
1755834599,2025-08-21 23:49:59,0.2902,0.2903,0.00,0.00
1755834600,2025-08-21 23:50:00,0.2902,0.2903,0.00,0.00
1755834605,2025-08-21 23:50:05,0.2902,0.2903,0.00,0.00
1755834605,2025-08-21 23:50:05,0.2903,0.2904,0.00,0.00
1755834610,2025-08-21 23:50:10,0.2903,0.2904,0.00,0.00
1755834611,2025-08-21 23:50:11,0.2903,0.2904,0.00,0.00
1755834615,2025-08-21 23:50:15,0.2901,0.2902,0.00,0.00
1755834616,2025-08-21 23:50:16,0.2901,0.2902,0.00,0.00
1755834620,2025-08-21 23:50:20,0.2901,0.2902,0.00,0.00
1755834621,2025-08-21 23:50:21,0.2901,0.2902,0.00,0.00
1755834625,2025-08-21 23:50:25,0.2902,0.2903,0.00,0.00
1755834626,2025-08-21 23:50:26,0.2902,0.2903,0.00,0.00
1755834631,2025-08-21 23:50:31,0.2903,0.2904,0.00,0.00
1755834632,2025-08-21 23:50:32,0.2903,0.2904,0.00,0.00
1755834637,2025-08-21 23:50:37,0.2904,0.2905,0.00,0.00
1755834637,2025-08-21 23:50:37,0.2903,0.2904,0.00,0.00
1755834642,2025-08-21 23:50:42,0.2904,0.2905,0.00,0.00
1755834642,2025-08-21 23:50:42,0.2904,0.2905,0.00,0.00
1755834647,2025-08-21 23:50:47,0.2903,0.2904,0.00,0.00
1755834648,2025-08-21 23:50:48,0.2903,0.2904,0.00,0.00
1755834652,2025-08-21 23:50:52,0.2903,0.2904,0.00,0.00
1755834653,2025-08-21 23:50:53,0.2903,0.2904,0.00,0.00
1755834657,2025-08-21 23:50:57,0.2903,0.2904,0.00,0.00
1755834658,2025-08-21 23:50:58,0.2903,0.2904,0.00,0.00
1755834662,2025-08-21 23:51:02,0.2903,0.2904,0.00,0.00
1755834663,2025-08-21 23:51:03,0.2903,0.2904,0.00,0.00
1755834668,2025-08-21 23:51:08,0.2904,0.2905,0.00,0.00
1755834668,2025-08-21 23:51:08,0.2904,0.2905,0.00,0.00
1755834673,2025-08-21 23:51:13,0.2905,0.2906,0.00,0.00
1755834673,2025-08-21 23:51:13,0.2905,0.2906,0.00,0.00
1755834678,2025-08-21 23:51:18,0.2905,0.2906,0.00,0.00
1755834679,2025-08-21 23:51:19,0.2905,0.2906,0.00,0.00
1755834683,2025-08-21 23:51:23,0.2905,0.2906,0.00,0.00
1755834684,2025-08-21 23:51:24,0.2905,0.2906,0.00,0.00
1755834688,2025-08-21 23:51:28,0.2904,0.2905,0.00,0.00
1755834689,2025-08-21 23:51:29,0.2904,0.2905,0.00,0.00
1755834693,2025-08-21 23:51:33,0.2904,0.2905,0.00,0.00
1755834694,2025-08-21 23:51:34,0.2904,0.2905,0.00,0.00
1755834698,2025-08-21 23:51:38,0.2904,0.2905,0.00,0.00
1755834699,2025-08-21 23:51:39,0.2904,0.2905,0.00,0.00
1755834703,2025-08-21 23:51:43,0.2904,0.2905,0.00,0.00
1755834704,2025-08-21 23:51:44,0.2904,0.2905,0.00,0.00
1755834709,2025-08-21 23:51:49,0.2904,0.2905,0.00,0.00
1755834709,2025-08-21 23:51:49,0.2904,0.2905,0.00,0.00
1755834714,2025-08-21 23:51:54,0.2904,0.2905,0.00,0.00
1755834715,2025-08-21 23:51:55,0.2904,0.2905,0.00,0.00
1755834719,2025-08-21 23:51:59,0.2904,0.2905,0.00,0.00
1755834720,2025-08-21 23:52:00,0.2904,0.2905,0.00,0.00
1755834724,2025-08-21 23:52:04,0.2904,0.2905,0.00,0.00
1755834725,2025-08-21 23:52:05,0.2904,0.2905,0.00,0.00
1755834730,2025-08-21 23:52:10,0.2904,0.2905,0.00,0.00
1755834730,2025-08-21 23:52:10,0.2904,0.2905,0.00,0.00
1755834735,2025-08-21 23:52:15,0.2905,0.2906,0.00,0.00
1755834735,2025-08-21 23:52:15,0.2905,0.2906,0.00,0.00
1755834740,2025-08-21 23:52:20,0.2904,0.2905,0.00,0.00
1755834740,2025-08-21 23:52:20,0.2904,0.2905,0.00,0.00
1755834745,2025-08-21 23:52:25,0.2904,0.2905,0.00,0.00
1755834746,2025-08-21 23:52:26,0.2904,0.2905,0.00,0.00
1755834750,2025-08-21 23:52:30,0.2904,0.2905,0.00,0.00
1755834751,2025-08-21 23:52:31,0.2904,0.2905,0.00,0.00
1755834756,2025-08-21 23:52:36,0.2903,0.2904,0.00,0.00
1755834757,2025-08-21 23:52:37,0.2903,0.2904,0.00,0.00
1755834761,2025-08-21 23:52:41,0.2903,0.2904,0.00,0.00
1755834762,2025-08-21 23:52:42,0.2903,0.2904,0.00,0.00
1755834767,2025-08-21 23:52:47,0.2903,0.2904,0.00,0.00
1755834767,2025-08-21 23:52:47,0.2903,0.2904,0.00,0.00
1755834772,2025-08-21 23:52:52,0.2902,0.2903,0.00,0.00
1755834772,2025-08-21 23:52:52,0.2902,0.2903,0.00,0.00
1755834777,2025-08-21 23:52:57,0.2902,0.2903,0.00,0.00
1755834777,2025-08-21 23:52:57,0.2902,0.2903,0.00,0.00
1755834782,2025-08-21 23:53:02,0.2902,0.2903,0.00,0.00
1755834783,2025-08-21 23:53:03,0.2902,0.2903,0.00,0.00
1755834787,2025-08-21 23:53:07,0.2901,0.2902,0.00,0.00
1755834788,2025-08-21 23:53:08,0.2901,0.2902,0.00,0.00
1755834792,2025-08-21 23:53:12,0.2901,0.2902,0.00,0.00
1755834793,2025-08-21 23:53:13,0.2901,0.2902,0.00,0.00
1755834797,2025-08-21 23:53:17,0.2901,0.2902,0.00,0.00
1755834798,2025-08-21 23:53:18,0.2901,0.2902,0.00,0.00
1755834802,2025-08-21 23:53:22,0.2901,0.2902,0.00,0.00
1755834803,2025-08-21 23:53:23,0.2901,0.2902,0.00,0.00
1755834807,2025-08-21 23:53:27,0.2901,0.2902,0.00,0.00
1755834808,2025-08-21 23:53:28,0.2901,0.2902,0.00,0.00
1755834813,2025-08-21 23:53:33,0.2901,0.2902,0.00,0.00
1755834813,2025-08-21 23:53:33,0.2901,0.2902,0.00,0.00
1755834818,2025-08-21 23:53:38,0.2901,0.2902,0.00,0.00
1755834819,2025-08-21 23:53:39,0.2901,0.2902,0.00,0.00
1755834823,2025-08-21 23:53:43,0.2901,0.2902,0.00,0.00
1755834824,2025-08-21 23:53:44,0.2901,0.2902,0.00,0.00
1755834829,2025-08-21 23:53:49,0.2901,0.2902,0.00,0.00
1755834829,2025-08-21 23:53:49,0.2901,0.2902,0.00,0.00
1755834834,2025-08-21 23:53:54,0.2901,0.2902,0.00,0.00
1755834835,2025-08-21 23:53:55,0.2901,0.2902,0.00,0.00
1755834839,2025-08-21 23:53:59,0.2901,0.2902,0.00,0.00
1755834840,2025-08-21 23:54:00,0.2901,0.2902,0.00,0.00
1755834844,2025-08-21 23:54:04,0.2901,0.2902,0.00,0.00
1755834845,2025-08-21 23:54:05,0.2901,0.2902,0.00,0.00
1755834849,2025-08-21 23:54:09,0.2901,0.2902,0.00,0.00
1755834850,2025-08-21 23:54:10,0.2901,0.2902,0.00,0.00
1755834854,2025-08-21 23:54:14,0.2901,0.2902,0.00,0.00
1755834855,2025-08-21 23:54:15,0.2901,0.2902,0.00,0.00
1755834860,2025-08-21 23:54:20,0.2901,0.2902,0.00,0.00
1755834861,2025-08-21 23:54:21,0.2901,0.2902,0.00,0.00
1755834865,2025-08-21 23:54:25,0.2902,0.2903,0.00,0.00
1755834866,2025-08-21 23:54:26,0.2902,0.2903,0.00,0.00
1755834870,2025-08-21 23:54:30,0.2901,0.2902,0.00,0.00
1755834871,2025-08-21 23:54:31,0.2901,0.2902,0.00,0.00
1755834875,2025-08-21 23:54:35,0.2901,0.2902,0.00,0.00
1755834876,2025-08-21 23:54:36,0.2901,0.2902,0.00,0.00
1755834880,2025-08-21 23:54:40,0.2901,0.2902,0.00,0.00
1755834881,2025-08-21 23:54:41,0.2901,0.2902,0.00,0.00
1755834886,2025-08-21 23:54:46,0.2901,0.2902,0.00,0.00
1755834886,2025-08-21 23:54:46,0.2901,0.2902,0.00,0.00
1755834891,2025-08-21 23:54:51,0.2902,0.2903,0.00,0.00
1755834891,2025-08-21 23:54:51,0.2903,0.2904,0.00,0.00
1755834896,2025-08-21 23:54:56,0.2903,0.2904,0.00,0.00
1755834897,2025-08-21 23:54:57,0.2903,0.2904,0.00,0.00
1755834901,2025-08-21 23:55:01,0.2905,0.2906,0.00,0.00
1755834902,2025-08-21 23:55:02,0.2905,0.2906,0.00,0.00
1755834906,2025-08-21 23:55:06,0.2906,0.2907,0.00,0.00
1755834907,2025-08-21 23:55:07,0.2906,0.2907,0.00,0.00
1755834911,2025-08-21 23:55:11,0.2906,0.2907,0.00,0.00
1755834912,2025-08-21 23:55:12,0.2906,0.2907,0.00,0.00
1755834917,2025-08-21 23:55:17,0.2906,0.2907,0.00,0.00
1755834917,2025-08-21 23:55:17,0.2906,0.2907,0.00,0.00
1755834922,2025-08-21 23:55:22,0.2905,0.2906,0.00,0.00
1755834922,2025-08-21 23:55:22,0.2905,0.2906,0.00,0.00
1755834927,2025-08-21 23:55:27,0.2905,0.2906,0.00,0.00
1755834927,2025-08-21 23:55:27,0.2905,0.2906,0.00,0.00
1755834932,2025-08-21 23:55:32,0.2904,0.2905,0.00,0.00
1755834933,2025-08-21 23:55:33,0.2904,0.2905,0.00,0.00
1755834937,2025-08-21 23:55:37,0.2903,0.2904,0.00,0.00
1755834938,2025-08-21 23:55:38,0.2903,0.2904,0.00,0.00
1755834942,2025-08-21 23:55:42,0.2903,0.2904,0.00,0.00
1755834943,2025-08-21 23:55:43,0.2902,0.2903,0.00,0.00
1755834948,2025-08-21 23:55:48,0.2902,0.2903,0.00,0.00
1755834948,2025-08-21 23:55:48,0.2902,0.2903,0.00,0.00
1755834953,2025-08-21 23:55:53,0.2902,0.2903,0.00,0.00
1755834953,2025-08-21 23:55:53,0.2902,0.2903,0.00,0.00
1755834958,2025-08-21 23:55:58,0.2902,0.2903,0.00,0.00
1755834959,2025-08-21 23:55:59,0.2902,0.2903,0.00,0.00
1755834963,2025-08-21 23:56:03,0.2902,0.2903,0.00,0.00
1755834964,2025-08-21 23:56:04,0.2901,0.2902,0.00,0.00
1755834968,2025-08-21 23:56:08,0.2902,0.2903,0.00,0.00
1755834969,2025-08-21 23:56:09,0.2902,0.2903,0.00,0.00
1755834973,2025-08-21 23:56:13,0.2905,0.2906,0.00,0.00
1755834974,2025-08-21 23:56:14,0.2905,0.2906,0.00,0.00
1755834979,2025-08-21 23:56:19,0.2906,0.2907,0.00,0.00
1755834979,2025-08-21 23:56:19,0.2906,0.2907,0.00,0.00
1755834984,2025-08-21 23:56:24,0.2907,0.2908,0.00,0.00
1755834985,2025-08-21 23:56:25,0.2907,0.2908,0.00,0.00
1755834989,2025-08-21 23:56:29,0.2907,0.2908,0.00,0.00
1755834990,2025-08-21 23:56:30,0.2908,0.2909,0.00,0.00
1755834994,2025-08-21 23:56:34,0.2908,0.2909,0.00,0.00
1755834995,2025-08-21 23:56:35,0.2908,0.2909,0.00,0.00
1755835000,2025-08-21 23:56:40,0.2907,0.2908,0.00,0.00
1755835000,2025-08-21 23:56:40,0.2907,0.2908,0.00,0.00
1755835005,2025-08-21 23:56:45,0.2907,0.2908,0.00,0.00
1755835006,2025-08-21 23:56:46,0.2908,0.2909,0.00,0.00
1755835010,2025-08-21 23:56:50,0.2908,0.2909,0.00,0.00
1755835011,2025-08-21 23:56:51,0.2908,0.2909,0.00,0.00
1755835015,2025-08-21 23:56:55,0.2908,0.2909,0.00,0.00
1755835016,2025-08-21 23:56:56,0.2908,0.2909,0.00,0.00
1755835021,2025-08-21 23:57:01,0.2908,0.2909,0.00,0.00
1755835021,2025-08-21 23:57:01,0.2907,0.2908,0.00,0.00
1755835026,2025-08-21 23:57:06,0.2907,0.2908,0.00,0.00
1755835026,2025-08-21 23:57:06,0.2907,0.2908,0.00,0.00
1755835031,2025-08-21 23:57:11,0.2907,0.2908,0.00,0.00
1755835032,2025-08-21 23:57:12,0.2907,0.2908,0.00,0.00
1755835036,2025-08-21 23:57:16,0.2908,0.2909,0.00,0.00
1755835037,2025-08-21 23:57:17,0.2908,0.2909,0.00,0.00
1755835042,2025-08-21 23:57:22,0.2908,0.2909,0.00,0.00
1755835043,2025-08-21 23:57:23,0.2908,0.2909,0.00,0.00
1755835047,2025-08-21 23:57:27,0.2908,0.2909,0.00,0.00
1755835048,2025-08-21 23:57:28,0.2908,0.2909,0.00,0.00
1755835052,2025-08-21 23:57:32,0.2908,0.2909,0.00,0.00
1755835053,2025-08-21 23:57:33,0.2908,0.2909,0.00,0.00
1755835057,2025-08-21 23:57:37,0.2908,0.2909,0.00,0.00
1755835058,2025-08-21 23:57:38,0.2908,0.2909,0.00,0.00
1755835062,2025-08-21 23:57:42,0.2908,0.2909,0.00,0.00
1755835063,2025-08-21 23:57:43,0.2908,0.2909,0.00,0.00
1755835067,2025-08-21 23:57:47,0.2908,0.2909,0.00,0.00
1755835068,2025-08-21 23:57:48,0.2908,0.2909,0.00,0.00
1755835072,2025-08-21 23:57:52,0.2908,0.2909,0.00,0.00
1755835073,2025-08-21 23:57:53,0.2908,0.2909,0.00,0.00
1755835077,2025-08-21 23:57:57,0.2908,0.2909,0.00,0.00
1755835078,2025-08-21 23:57:58,0.2908,0.2909,0.00,0.00
1755835083,2025-08-21 23:58:03,0.2908,0.2909,0.00,0.00
1755835083,2025-08-21 23:58:03,0.2908,0.2909,0.00,0.00
1755835088,2025-08-21 23:58:08,0.2907,0.2908,0.00,0.00
1755835088,2025-08-21 23:58:08,0.2907,0.2908,0.00,0.00
1755835093,2025-08-21 23:58:13,0.2906,0.2907,0.00,0.00
1755835094,2025-08-21 23:58:14,0.2906,0.2907,0.00,0.00
1755835099,2025-08-21 23:58:19,0.2907,0.2908,0.00,0.00
1755835099,2025-08-21 23:58:19,0.2907,0.2908,0.00,0.00
1755835104,2025-08-21 23:58:24,0.2906,0.2907,0.00,0.00
1755835105,2025-08-21 23:58:25,0.2906,0.2907,0.00,0.00
1755835109,2025-08-21 23:58:29,0.2906,0.2907,0.00,0.00
1755835110,2025-08-21 23:58:30,0.2906,0.2907,0.00,0.00
1755835114,2025-08-21 23:58:34,0.2905,0.2906,0.00,0.00
1755835115,2025-08-21 23:58:35,0.2905,0.2906,0.00,0.00
1755835119,2025-08-21 23:58:39,0.2905,0.2906,0.00,0.00
1755835120,2025-08-21 23:58:40,0.2905,0.2906,0.00,0.00
1755835124,2025-08-21 23:58:44,0.2905,0.2906,0.00,0.00
1755835125,2025-08-21 23:58:45,0.2905,0.2906,0.00,0.00
1755835129,2025-08-21 23:58:49,0.2905,0.2906,0.00,0.00
1755835130,2025-08-21 23:58:50,0.2905,0.2906,0.00,0.00
1755835134,2025-08-21 23:58:54,0.2905,0.2906,0.00,0.00
1755835135,2025-08-21 23:58:55,0.2905,0.2906,0.00,0.00
1755835140,2025-08-21 23:59:00,0.2905,0.2906,0.00,0.00
1755835140,2025-08-21 23:59:00,0.2905,0.2906,0.00,0.00
1755835145,2025-08-21 23:59:05,0.2906,0.2907,0.00,0.00
1755835146,2025-08-21 23:59:06,0.2907,0.2908,0.00,0.00
1755835150,2025-08-21 23:59:10,0.2907,0.2908,0.00,0.00
1755835151,2025-08-21 23:59:11,0.2907,0.2908,0.00,0.00
1755835156,2025-08-21 23:59:16,0.2907,0.2908,0.00,0.00
1755835156,2025-08-21 23:59:16,0.2907,0.2908,0.00,0.00
1755835161,2025-08-21 23:59:21,0.2908,0.2909,0.00,0.00
1755835161,2025-08-21 23:59:21,0.2908,0.2909,0.00,0.00
1755835166,2025-08-21 23:59:26,0.2906,0.2907,0.00,0.00
1755835166,2025-08-21 23:59:26,0.2906,0.2907,0.00,0.00
1755835171,2025-08-21 23:59:31,0.2906,0.2907,0.00,0.00
1755835172,2025-08-21 23:59:32,0.2906,0.2907,0.00,0.00
1755835176,2025-08-21 23:59:36,0.2906,0.2907,0.00,0.00
1755835177,2025-08-21 23:59:37,0.2906,0.2907,0.00,0.00
1755835181,2025-08-21 23:59:41,0.2906,0.2907,0.00,0.00
1755835182,2025-08-21 23:59:42,0.2906,0.2907,0.00,0.00
1755835186,2025-08-21 23:59:46,0.2905,0.2906,0.00,0.00
1755835187,2025-08-21 23:59:47,0.2905,0.2906,0.00,0.00
1755835191,2025-08-21 23:59:51,0.2906,0.2907,0.00,0.00
1755835192,2025-08-21 23:59:52,0.2906,0.2907,0.00,0.00
1755835197,2025-08-21 23:59:57,0.2906,0.2907,0.00,0.00
1755835197,2025-08-21 23:59:57,0.2906,0.2907,0.00,0.00
